{"lr": 0.0005249795361527966, "loss": 0.1479388094503346, "_timestamp": 1722624791.7061117, "_runtime": 70494.20791077614, "_step": 17}