{"lr": 0.0006149795361527966, "loss": 0.12838456636271853, "_timestamp": 1722633905.2985318, "_runtime": 79607.8003308773, "_step": 20}