{"lr": 0.0011945934151489663, "loss": 0.06038756673275162, "_timestamp": 1724063779.8110294, "_runtime": 9501.545020341873, "_step": 72}