{"lr": 9.374200767263426e-07, "loss": 0.7717765639981498, "_timestamp": 1722450196.007084, "_runtime": 1610.610161781311, "_step": 0}