{"lr": 0.0001186813186813188, "loss": 0.8277455076043095, "_timestamp": 1722489027.0782404, "_runtime": 1227.6124165058136, "_step": 0}