{"lr": 0.0003149901768172887, "loss": 0.17777048479997418, "_timestamp": 1723767766.3369703, "_runtime": 97490.58327531815, "_step": 10}