{"lr": 1.4979536152796722e-05, "loss": 0.7857286078400534, "_timestamp": 1722456651.0080853, "_runtime": 3028.750054359436, "_step": 0}