{"lr": 0.00013497950819672133, "loss": 0.46077449224339645, "_timestamp": 1723859514.6644666, "_runtime": 10161.830576658249, "_step": 4}