{"lr": 0.0011999982947700526, "loss": 0.07846974603079594, "_timestamp": 1723638504.2030826, "_runtime": 63460.8484146595, "_step": 19}