{"lr": 0.0011978467296070393, "loss": 0.06393238993506635, "_timestamp": 1723993604.3305392, "_runtime": 15723.752414226532, "_step": 60}