{"lr": 1.4979536152796722e-05, "loss": 0.7856424931248733, "_timestamp": 1722490831.9497936, "_runtime": 3605.9743485450745, "_step": 0}