{"lr": 0.0034786813186813196, "loss": 0.21977915737910994, "_timestamp": 1722611397.8106961, "_runtime": 35555.712730169296, "_step": 14}