{"lr": 9.374200767263426e-07, "loss": 0.7717765639981498, "_timestamp": 1722450196.007415, "_runtime": 1610.6028060913086, "_step": 0}