{"lr": 0.0020386813186813184, "loss": 0.3577459935856226, "_timestamp": 1722587638.9445004, "_runtime": 2914.4148473739624, "_step": 8, "_wandb": {"runtime": 2956}}